GivenName,Surname,Username,EmailAddress,Password
Gloria,Levingston,Thusyned1981,GloriaMLevingston@gustr.com,Iego8ub0eaTh
Krystal,Alford,Theraten,KrystalSAlford@dayrep.com,eiPhie8xoPh
Tracy,Rivera,Parrall,TracyORivera@superrito.com,eiph8eeNah
Christopher,Cole,Fral1975,ChristopherMCole@armyspy.com,UaseitaeF4oo
Laura,Alverez,Inted1988,LauraNAlverez@gustr.com,dul0hei6D
Richard,Thurman,Theramer,RichardGThurman@rhyta.com,phu8Tu9Muex
Allen,Hoeppner,Quiuse70,AllenJHoeppner@superrito.com,shiuvoG2c
Philip,Gochenour,Fartarly1940,PhilipAGochenour@einrot.com,nohChoquah8o
Patricia,Freeman,Cren1948,PatriciaJFreeman@armyspy.com,Phei4apoe
Ronald,Hall,Postly,RonaldTHall@einrot.com,IvohSh7aib
Robert,Cain,Thervild,RobertFCain@cuvox.de,Aex5Hai1
Carol,Causey,Poods1952,CarolJCausey@cuvox.de,aajee4nu5Z
Malinda,Riley,Shaver,MalindaPRiley@gustr.com,Cae6chi7xae
David,Hilliard,Exturandren,DavidIHilliard@jourrapide.com,OoC0keix
Steve,Barnes,Forneve,SteveMBarnes@armyspy.com,javuNgooth0
Roxie,Waters,Artand,RoxieRWaters@gustr.com,oxahng0ieLe
Dennis,Swanson,Couged,DennisMSwanson@cuvox.de,oG7aeshoong
Thomas,Wright,Hatell,ThomasGWright@cuvox.de,ieK5thae8ash
Patricia,Hallinan,Encell,PatriciaKHallinan@gustr.com,AisohLoh6
Christopher,Stoughton,Lonce1967,ChristopherSStoughton@jourrapide.com,uK7juaquaS
Martha,Conaway,Papon1969,MarthaTConaway@cuvox.de,Ahph1raiX1
Ralph,Phillips,Lareed82,RalphKPhillips@armyspy.com,Ohci9AhTee
John,Chidester,Accandon,JohnAChidester@einrot.com,ooX8Phaedoo
Gail,Rogers,Prourturce,GailPRogers@einrot.com,thie6ahGah
William,Hicks,Sabighter,WilliamCHicks@armyspy.com,oovoH8ieth
Melissa,Hinkley,Poss1987,MelissaLHinkley@teleworm.us,Ne2noot9
Donald,Jones,Sweng1954,DonaldMJones@armyspy.com,yoh1ai2Shoo
Tamara,Allen,Thearegaven,TamaraRAllen@armyspy.com,Haeb1eo8m
Michelle,Stewart,Drehanstered,MichelleRStewart@jourrapide.com,teishaeJ5f
Roxanne,Rich,Swerse,RoxanneDRich@armyspy.com,ia5Ung3ph
Jamie,Bushnell,Rected1945,JamieMBushnell@dayrep.com,pi3saKoo
Timothy,Alaimo,Thestive,TimothyMAlaimo@rhyta.com,xeefaeYie2y
John,Khang,Purnessiblen,JohnAKhang@dayrep.com,ya0Zae0mieth
Andrew,Cornelius,Wite1928,AndrewRCornelius@dayrep.com,Chaevohv1coo
Joleen,White,Citiold,JoleenRWhite@superrito.com,AiYo9ebahph
Dorothy,Fritz,Haile1963,DorothyTFritz@cuvox.de,saeGhoodoo3
Sarah,Wiegand,Seethe,SarahCWiegand@superrito.com,IeV4iequ
Andrea,Hardy,Trest1944,AndreaFHardy@superrito.com,fecohz8Foh3
Jerry,Kennard,Lumbeavy,JerryKKennard@superrito.com,waeG8enei
Ardelia,Matson,Wousang,ArdeliaLMatson@cuvox.de,yae4tieg7W
Manuel,Rutledge,Remplume,ManuelLRutledge@rhyta.com,Lod9aiphooh
Opal,Williams,Aggame,OpalLWilliams@teleworm.us,AhY4lohzee
Karen,Race,Otelinise,KarenKRace@gustr.com,gom0Tejeeng
Christopher,Cunningham,Youghthears63,ChristopherCCunningham@dayrep.com,ahch9fuChie
Harry,Eisner,Nowlielinuld,HarrySEisner@rhyta.com,jeiQu0Hi6a
Betty,Campbell,Fietund,BettyDCampbell@superrito.com,yiJ0ooSee
Adam,Barreto,Overe1955,AdamKBarreto@cuvox.de,euM9ais5eTh
Catherine,Martin,Ousba1929,CatherineCMartin@armyspy.com,Thaiph3y
Michelle,McCarthy,Clithapping,MichelleAMcCarthy@superrito.com,Af7eej5Voo
Hector,Butler,Hatellove,HectorMButler@gustr.com,epaFah4ohDei
Merle,Rudolph,Mandbarnot,MerleRRudolph@superrito.com,DooDoo1Eifo
Lajuana,Ferguson,Gnalluggive,LajuanaFFerguson@cuvox.de,ahjuPh9ji
Kenneth,Hebert,Striandly,KennethVHebert@rhyta.com,Shesing8dae
George,Watson,Younge,GeorgeEWatson@gustr.com,kaiw3SaeSae
Ivan,Kinchen,Hiecand,IvanJKinchen@dayrep.com,Ohch6Eil1o
Christopher,Davis,Woultand,ChristopherTDavis@dayrep.com,oughie9ooG
Darlene,Raines,Ving1982,DarleneTRaines@teleworm.us,VieXaJe1eequ
Leonard,Hamilton,Suind1935,LeonardRHamilton@armyspy.com,Zoth6eiboo2
Grady,Picard,Egglaity,GradyGPicard@einrot.com,Te9ap1nei
Doug,Perry,Couged,DougTPerry@teleworm.us,oono5aSeiqu
Susan,Winger,Likessurbaus,SusanRWinger@jourrapide.com,MahyouS2Ae
James,McLane,Starountor,JamesJMcLane@armyspy.com,epaec1aiPh
James,Shackelford,Antiver,JamesMShackelford@jourrapide.com,eiYe7cheiy
Irene,Tickle,Rive1985,IreneETickle@rhyta.com,Ohgah5Ca
Ronald,Hernandez,Saides,RonaldDHernandez@superrito.com,TeeSh7xahvah
John,Johnson,Briarep,JohnNJohnson@teleworm.us,zoo9Lae5ah
Thomas,Rutledge,Sond1994,ThomasORutledge@superrito.com,ienguSh4jee
Rachel,Conway,Arishe,RachelKConway@einrot.com,Wei9dei0ch
Corina,Shubert,Anten1984,CorinaFShubert@gustr.com,phei0ANgiit
Phyllis,Newman,Sipt1961,PhyllisANewman@dayrep.com,aeQu3aegaev
Jerry,Ware,Bels1960,JerrySWare@jourrapide.com,laeNoh8ja
Edith,Knight,Africured,EdithRKnight@jourrapide.com,viyoo8Ahjie
Richard,Johnsen,Waredis,RichardLJohnsen@teleworm.us,eXeisu2eyee6
Mary,Thompson,Sidid1964,MaryBThompson@dayrep.com,chae2ahChoh
Elizabeth,Moon,Eniournis,ElizabethEMoon@cuvox.de,ohco4hiaHee5
Karen,Aviles,Plinste,KarenCAviles@rhyta.com,Ee3oe3uet
Lauren,Stallings,Stioser,LaurenMStallings@teleworm.us,Gofahkool3
James,Rudd,Dianceir1983,JamesLRudd@superrito.com,IeGhoo3e
Lawrence,Wheeler,Suffaid1987,LawrenceCWheeler@rhyta.com,nied8ieXee
Edward,Reeves,Dides1967,EdwardMReeves@einrot.com,Shaikee6
Henry,Duncan,Mestled,HenryMDuncan@einrot.com,ohth8Zaa
Nancy,Gonzalez,Folend,NancyNGonzalez@gustr.com,eit5ahPh3
Stephen,Briner,Antat1975,StephenKBriner@cuvox.de,daGh6ieKoh
Michelina,Dupont,Fortume,MichelinaMDupont@einrot.com,aZ4evahPei
Harold,Henderson,Therrown,HaroldTHenderson@cuvox.de,eeHoghauth3
Albert,Ritchie,Refort,AlbertLRitchie@superrito.com,XiM7eegeisa
Jason,English,Haddry,JasonMEnglish@superrito.com,iesainie1Ee
Bruce,Haley,Waske1929,BruceAHaley@gustr.com,eeghoh3Ai
Donald,Salazar,Calist33,DonaldGSalazar@jourrapide.com,leiLee0soCh
Ben,Nelson,Swee1953,BenNNelson@rhyta.com,oeM5xeek
Carol,Love,Shationd,CarolWLove@teleworm.us,reik4Ra4Ne
Leo,Bryant,Whouses,LeoMBryant@rhyta.com,vieYaa5eesh
Lazaro,Dixon,Anclourne,LazaroPDixon@armyspy.com,Du1quaetei
William,Centers,Moseing,WilliamDCenters@rhyta.com,coe8Xaefie
Margie,Spivey,Wervince1969,MargieWSpivey@armyspy.com,am9Eisheiz0
Ronald,Gil,Safters,RonaldDGil@jourrapide.com,kiexai4Zie
Charles,Espinal,Whountly,CharlesLEspinal@dayrep.com,Ora7wir7Th
Tanya,Herrera,Hinger,TanyaMHerrera@armyspy.com,eP8ohc9Zee
James,Romero,Hingto,JamesBRomero@rhyta.com,yie1kaogh6I
Richard,Hemenway,Berfan,RichardGHemenway@einrot.com,eeyu1UchooL
Louis,Washington,Lont1937,LouisAWashington@gustr.com,baht9ahrooT
Melanie,Deal,Upoldiffed1947,MelanieMDeal@dayrep.com,oash7AiSh
Judith,Espinal,Hille1937,JudithMEspinal@armyspy.com,tohfua1A
George,Hale,Soffew53,GeorgeJHale@rhyta.com,oonuuXam3
Charles,Dane,Intries,CharlesHDane@gustr.com,oiZ5ahmei
Rhett,Breen,Riseed,RhettTBreen@teleworm.us,Weigh0th
John,Johns,Stentigh,JohnYJohns@cuvox.de,Eixeed6goh
Matilda,Evenson,Sherarcon42,MatildaSEvenson@einrot.com,yaa7Aimeeng
Nelson,Hutchison,Brieser,NelsonDHutchison@einrot.com,uXoac1Phe
Debra,Brown,Feembirl,DebraBBrown@armyspy.com,Ueg5oophee
Lee,Coleman,Felded,LeeKColeman@rhyta.com,nahhood6Ae
Steven,Rankin,Eubje1949,StevenMRankin@rhyta.com,aeQuee5pae
Charles,Rush,Sonset,CharlesCRush@einrot.com,ughuR8dah
Edward,Steelman,Faceires,EdwardBSteelman@rhyta.com,aiF1se4ekekah
Edward,Rollins,Hothe1944,EdwardARollins@cuvox.de,eixee1Ie
Florence,Hoglund,Sans1975,FlorenceRHoglund@armyspy.com,ahKaey1Poo
Franklyn,Delaney,Govery,FranklynMDelaney@einrot.com,Ievei8ari
Charlotte,Perales,Iniand,CharlotteHPerales@superrito.com,aShaenae0oh
Guadalupe,Rivera,Miltrared87,GuadalupeARivera@teleworm.us,EaK6ud4Lae
Owen,Alexander,Womak1994,OwenSAlexander@armyspy.com,Ohtho3ai
Gladys,Lee,Stanter,GladysVLee@einrot.com,ohsai6Tohth
Rafaela,Brown,Laus1985,RafaelaJBrown@jourrapide.com,wiengiej0Led
Steve,Eng,Thatimmorsit,SteveCEng@cuvox.de,ihohgeiV9
Francisco,Dane,Tans1989,FranciscoJDane@superrito.com,Ai5ohle9Ee
Donna,Yoder,Milem1989,DonnaMYoder@jourrapide.com,aiB5ou1ei
Nathan,Moffatt,Loore1972,NathanSMoffatt@teleworm.us,Webe6aife8oh
Troy,Otoole,Plee1947,TroyNOtoole@armyspy.com,Voh2voht
Nancy,Castiglia,Thatures,NancyGCastiglia@gustr.com,ooGhio8a
Toni,Richardson,Bued1974,ToniRRichardson@dayrep.com,Aiyee8ufee
Tisa,Finch,Fromple,TisaBFinch@superrito.com,maejah0ooY
Charles,Taylor,Rusy1942,CharlesSTaylor@dayrep.com,wo3iengaeX
Paul,Ransom,Mutect,PaulMRansom@gustr.com,ceeT7Oot
Patricia,Taylor,Graffits,PatriciaSTaylor@superrito.com,EeD6gai2phah
Brian,Nelson,Evemper86,BrianGNelson@dayrep.com,Oofa7et1
Kaley,Graham,Butemot,KaleyBGraham@gustr.com,une0nai8Ph
Starla,Wester,Chise1961,StarlaDWester@gustr.com,eoV3quuahie
Kay,Harrelson,Acket1929,KayBHarrelson@teleworm.us,zaiYieb1o
Karie,Vogt,Agentrach92,KarieGVogt@teleworm.us,jae3aeNo
Sam,Thompson,Himseek1930,SamRThompson@gustr.com,geTuo3Mae
Anthony,Hidalgo,Womighon,AnthonyTHidalgo@jourrapide.com,Iengoh4xoh
Jessica,Brown,Hortudy82,JessicaABrown@jourrapide.com,ahD6Hei6T
Veronica,North,Harmal,VeronicaCNorth@armyspy.com,Ooheeko4ahB
Mildred,Clay,Thenoth,MildredBClay@jourrapide.com,finaiGhi6ch
Donald,Burns,Thome1953,DonaldABurns@dayrep.com,exaeT7viCh
Katrina,Linthicum,Aboth1969,KatrinaDLinthicum@rhyta.com,jao1mooDaeth
Kevin,Dery,Annow1969,KevinEDery@jourrapide.com,Aiphiqu5Aek6
Aaron,Williams,Forgent,AaronNWilliams@superrito.com,Vu9ou9ah
Diane,Freeman,Caliat,DianeRFreeman@armyspy.com,EiTae1ieg
Joy,Avery,Fousteme1947,JoyLAvery@gustr.com,xoh0eeB8
Milton,Miller,Efirying,MiltonMMiller@cuvox.de,choo5Bie0ie
Clarence,Bechard,Frosuld,ClarenceEBechard@dayrep.com,ael4Takoz5z
Jacquline,Herring,Dody1928,JacqulineSHerring@armyspy.com,Lei3meiwee
George,Walker,Whillazies,GeorgeAWalker@cuvox.de,leShohf0X
Wilma,Gallagher,Lichent59,WilmaLGallagher@superrito.com,zoa1eiziLo5s
Anthony,Johnson,Edminced,AnthonyEJohnson@dayrep.com,Pieng4Ooj
Pamela,Perry,Knordn,PamelaFPerry@gustr.com,aez5go5Aish
Gloria,Alexander,Avized,GloriaMAlexander@superrito.com,eek9ouKai
David,Jackson,Annothimis,DavidJJackson@jourrapide.com,tiefie8Tie
Jeremy,Netto,Betaletted,JeremyCNetto@teleworm.us,yu2ChahPh
Donna,Mayton,Haterrovat,DonnaLMayton@gustr.com,osee2paeJ7j
Ramon,Sams,Puntore,RamonPSams@armyspy.com,Phaic1ie
Brittany,Bond,Satioustre,BrittanyGBond@dayrep.com,pieGh1eiQuah
Jerry,Canton,Leatice,JerrySCanton@jourrapide.com,thooGee2qu
Martha,Jones,Haread,MarthaCJones@armyspy.com,AebeiBei2ch
Marisela,Pitman,Handifer,MariselaRPitman@rhyta.com,koon0ahN0m
Thurman,Remley,Senou1988,ThurmanSRemley@rhyta.com,ahbi8Jech
Robert,Eaton,Satch1987,RobertAEaton@superrito.com,Bo5duezo
Paul,Gardner,Folls1963,PaulDGardner@cuvox.de,aec1eZei0is
Anthony,Johnson,Callather,AnthonyRJohnson@dayrep.com,thohSh1r
Victoria,Ehrlich,Enth1988,VictoriaREhrlich@superrito.com,ohW8nooc9
Felicia,Mize,Werving,FeliciaRMize@teleworm.us,Wieke7uPh0
Earnest,Jones,Claill,EarnestAJones@jourrapide.com,Heet5sah2oh
Alpha,Barnes,Mininge,AlphaTBarnes@cuvox.de,iuPhe2Gai
Scott,Burrell,Themixer,ScottEBurrell@rhyta.com,ahTh3aiR
Dulce,King,Soing1984,DulceDKing@rhyta.com,Zi6iewohn
Thomas,Bowden,Warorinced,ThomasDBowden@dayrep.com,Xoochoo4ae
Jane,Maldonado,Withation,JaneJMaldonado@einrot.com,ZoPh5ohDet
Jess,Myers,Pubsed33,JessLMyers@jourrapide.com,Zu4ahW6ei
Darrell,Dodson,Caphisentan,DarrellLDodson@superrito.com,Aech0ooc7B
Debra,Stanhope,Oplauddly,DebraTStanhope@armyspy.com,Eugaam6phie
Vanessa,Bishop,Cruldempan30,VanessaTBishop@einrot.com,ail8jisie6Ch
Jonathan,Gallegos,Shomence,JonathanKGallegos@teleworm.us,Ra5die0ga
Bernice,Ciccone,Miteraid,BerniceJCiccone@gustr.com,quo7zai7V
David,Allmon,Hateardideft,DavidCAllmon@rhyta.com,uas3ohTh5
Elizabeth,Gillespie,Thaignim,ElizabethRGillespie@armyspy.com,Go6jeingee
Earl,Koch,Evessureary33,EarlEKoch@dayrep.com,mie6ook1AePh
Jennifer,Davis,Harastat,JenniferWDavis@rhyta.com,ees0neiNgae
Joseph,Phillips,Beemeart,JosephAPhillips@superrito.com,ooz4uD4ee
Benjamin,Davis,Pithe1982,BenjaminADavis@dayrep.com,eengeeRah8o
Patricia,Johnson,Deversere38,PatriciaGJohnson@rhyta.com,telohGh4ah
Deborah,Smith,Wasell,DeborahVSmith@jourrapide.com,AYoji4ahS
Mary,Rodrigez,Theltorither,MaryBRodrigez@armyspy.com,iethe6aecuB
Cindy,Nunez,Whatithas,CindyTNunez@superrito.com,AhH6iezaeyah
Elizabeth,Richardson,Fractiong,ElizabethPRichardson@armyspy.com,aesou5eeJ
Carrol,Rainey,Timenot,CarrolMRainey@cuvox.de,Tuahoh3fai
Russell,Miller,Thadvating,RussellMMiller@superrito.com,tooN9hiecee
Martha,Cash,Ratint1930,MarthaJCash@dayrep.com,Iup6quahDel
Deanne,Aquilar,Dishemeard,DeanneRAquilar@jourrapide.com,NieRiBie8shu
Michelle,Nealon,Mucked,MichelleCNealon@cuvox.de,Ohh6aedaed
Tiffany,Crum,Thearoolen,TiffanyGCrum@jourrapide.com,doh3Odeicei
Calvin,Sawyer,Stor1960,CalvinBSawyer@dayrep.com,Uesuwoig9
Christopher,Johnson,Thenizeena,ChristopherDJohnson@gustr.com,ayeeLi5Ohph
Constance,Wesley,Mighose,ConstanceRWesley@gustr.com,saeJ4Ohcha
Mamie,Moore,Fropmed,MamieKMoore@einrot.com,nahZoogae2l
Charlene,Straub,Wriver,CharleneJStraub@dayrep.com,nohbaihuNg6sh
Paul,Smith,Utualloutulm,PaulESmith@cuvox.de,APh4eigee
Isabelle,Mendieta,Icund1965,IsabelleSMendieta@einrot.com,Shai4ohsieng
Linda,Owens,Haterly,LindaTOwens@rhyta.com,Ahzie7ph
Billy,Shin,Legis1957,BillyVShin@superrito.com,Ooz0fiech
Quinton,Palmeri,Mdlisives,QuintonEPalmeri@dayrep.com,Dahmai2U
Guadalupe,Goff,Sirainclont,GuadalupeCGoff@teleworm.us,wieghai4ooD0
Jeffrey,Griffin,Whingent,JeffreyAGriffin@einrot.com,axae6ni3Tie
Kelsey,Wilson,Ston1931,KelseyWWilson@einrot.com,oeng5Ro4cei
Otis,Marshall,Coldres,OtisVMarshall@gustr.com,yovae2Er9u
Deborah,Taylor,Facesoccat1991,DeborahMTaylor@cuvox.de,aiD1jaequ
Jayne,White,Thouldre,JayneLWhite@jourrapide.com,aik4gahFai
Edgar,Pine,Wandevere,EdgarAPine@gustr.com,teitha4Ahro
Jack,Babcock,Ladmis,JackCBabcock@armyspy.com,aisohL5dae
Joanne,Leigh,Sumanducke,JoanneJLeigh@einrot.com,ahFor6ohJ
Juanita,Ewing,Taraysin76,JuanitaSEwing@rhyta.com,Ieseegh5ph
Judy,Benn,Sherescider,JudyDBenn@jourrapide.com,yes9EXaepae
Ricardo,Riley,Wasnew43,RicardoERiley@jourrapide.com,ad2shieXoh
John,Johnson,Quistrace,JohnCJohnson@armyspy.com,kuc6Licie
Porter,Glenn,Invigh,PorterPGlenn@rhyta.com,kaiC8eivee4
David,Adams,Butyllé,DavidNAdams@rhyta.com,eej7azaSh
Adolph,Allen,Thentrue,AdolphPAllen@superrito.com,rohGaw5e
Irene,Moore,Lifus1970,IreneRMoore@superrito.com,haeSha6daij
Maria,Abel,Brity1948,MariaRAbel@dayrep.com,ooD6leib6k
Peter,Lopez,Sery1928,PeterCLopez@dayrep.com,ie3imaichoYu
Stephen,Cervantes,Wifted,StephenPCervantes@dayrep.com,yae9Ic2Lah
Betty,Sweeney,Finleartor1965,BettyESweeney@gustr.com,Fii1vaix
Merle,Ibarra,Hitle1931,MerleAIbarra@armyspy.com,ZiYeepa3l
Rachel,Tynes,Shyse1944,RachelCTynes@jourrapide.com,Hae1pee9Sah
Doris,Gallaher,Copprectent,DorisAGallaher@gustr.com,eY1Weetohs
Margaret,Dimartino,Cassuairtall,MargaretDDimartino@teleworm.us,weengae6ooY
Paul,Barnes,Thicess90,PaulABarnes@gustr.com,El6iequ5zei
Frances,Davis,Washer,FrancesJDavis@armyspy.com,ge0Duech9e
Wm,Raybon,Obold1954,WmKRaybon@jourrapide.com,Ar3Ecoo7PheN
Dan,Torres,Yountintir,DanFTorres@armyspy.com,eiDohv6yae
Joshua,Lawson,Theyes,JoshuaJLawson@teleworm.us,ItheePae7ph
Marietta,Johnson,Suppinfood,MariettaMJohnson@gustr.com,aiv0Quaash
Joan,Gordon,Witheniand,JoanCGordon@teleworm.us,thie4Eu6h
Amy,Estevez,Bellork,AmyJEstevez@teleworm.us,ruD4Cequ
Willie,Currie,Makest,WillieJCurrie@superrito.com,aewa5OfooCo
Joanne,Gill,Toofte,JoanneKGill@jourrapide.com,Ohlei9iesu
Albert,Guzman,Mrsers,AlbertLGuzman@cuvox.de,vavu9ohyooCh
Stacy,Holt,Thartat,StacyAHolt@armyspy.com,oulo3nooD
Lester,Mitchell,Vaterid59,LesterCMitchell@dayrep.com,ieyeequ6Bie
Mildred,Morgan,Warorinced36,MildredJMorgan@superrito.com,Iengoc9uc8
Tina,Webster,Haling1960,TinaUWebster@rhyta.com,yah1seeF
Mark,Alvarez,Donce1985,MarkKAlvarez@superrito.com,soop4Ush
John,Obrien,Jusing1954,JohnKObrien@armyspy.com,oGahx9Che9u
Eldora,Milburn,Agerce,EldoraKMilburn@teleworm.us,Aa4oshei5ah
Robert,English,Symaine,RobertPEnglish@armyspy.com,iNgee0oo
Nicole,Orozco,Viode1954,NicoleAOrozco@jourrapide.com,jeer4ein9oC
Lissa,Wojcik,Plece1975,LissaDWojcik@einrot.com,Ciu4augh
Christopher,Betancourt,Reptefor,ChristopherABetancourt@einrot.com,aezoGee0vo
Bruce,Vanwingerden,Waitted,BruceEVanwingerden@dayrep.com,la4feQu5OhGh
Rex,Willis,Tioncy,RexBWillis@gustr.com,eiTu7eeSaa4
Annie,Valencia,Prebot,AnnieHValencia@cuvox.de,aYoh9cho
Van,Johnson,Reave1963,VanLJohnson@teleworm.us,iu0Daiju7Ee
Minnie,Denham,Primses1936,MinnieRDenham@rhyta.com,Tae9chaM
Joshua,Berkowitz,Behinares,JoshuaABerkowitz@gustr.com,aiyi4phaiD
Helen,Brigham,Sions1991,HelenJBrigham@jourrapide.com,Ua5yoo0ii6Ie
Charles,Francis,Nifess,CharlesJFrancis@cuvox.de,ce3Ahniegah
Elizabeth,Morrison,Fropecter,ElizabethHMorrison@cuvox.de,Iequ4xaeW
Miquel,Anderson,Wiltood,MiquelSAnderson@superrito.com,iequ3Soo
Jason,McCarthy,Tweve1928,JasonSMcCarthy@superrito.com,la8omooPoo
Ryan,Knickerbocker,Fecousels,RyanLKnickerbocker@cuvox.de,hiew1Hae3x
Alejandrina,Stout,Thiseatchat,AlejandrinaMStout@einrot.com,et6os7pooF1
Opal,Williams,Husloncom,OpalHWilliams@superrito.com,aihie7Yohm7
Prudence,Carter,Hiserus,PrudenceRCarter@armyspy.com,Vong6thieph
Virgil,Vang,Antelect,VirgilCVang@teleworm.us,iu9eing0Oo
Margaret,Jamerson,Floracer1943,MargaretRJamerson@rhyta.com,oemai6Reish
Jason,Hernadez,Whationam,JasonSHernadez@superrito.com,aipeeWeeg8voh
Molly,Kluge,Abastaid,MollyGKluge@teleworm.us,ohThoh7aiv
Anna,Cortez,Dengloweinen1986,AnnaJCortez@einrot.com,Paeng3AiB
Phillip,Toliver,Tiondes,PhillipHToliver@rhyta.com,uim0Ceig
Jacob,Gray,Rinly1992,JacobAGray@rhyta.com,aequoo8Ei
Minnie,Stonge,Waisenly,MinnieWStonge@rhyta.com,Qua3weing5n
Mitchell,Giambrone,Suraw1956,MitchellDGiambrone@dayrep.com,eePoh3fee
Martha,Cisneros,Liless,MarthaJCisneros@gustr.com,Eiqu8xaiNoh0
Brenda,Ollis,Equilad,BrendaJOllis@dayrep.com,eeSim3zoh
Randy,Bourgeois,Wople1993,RandyOBourgeois@teleworm.us,oox6iev4IB4
Sarah,McMillan,Witan1984,SarahJMcMillan@rhyta.com,asooLogeCh8
Beth,Hogue,Freard,BethNHogue@dayrep.com,Xah9weequiP
Kiara,Favela,Mousitere,KiaraRFavela@armyspy.com,Neengi4ethe
Terry,Thomason,Prilese,TerryCThomason@superrito.com,eZie7Gahxee
Emmanuel,Slocum,Froment,EmmanuelRSlocum@armyspy.com,yey2kae4Bo
Justin,Bruner,Mycou1986,JustinRBruner@dayrep.com,gaevengo6Pei
John,Matthews,Crithimard,JohnJMatthews@gustr.com,chifoh0Oeth
Ruth,Peters,Lebtled,RuthWPeters@gustr.com,Shoot9aiF
Anthony,Jones,Momenten,AnthonyCJones@teleworm.us,miu7isaeCh7
Robert,Keller,Htful1929,RobertLKeller@teleworm.us,ieka1Eimo3AiPh
Robert,Vanover,Thardissen34,RobertWVanover@rhyta.com,Yi3aek0cai
Lucas,Kwan,Gnio1943,LucasLKwan@jourrapide.com,so0thaeru8Ch
Julia,Coleman,Sionsomeard,JuliaAColeman@dayrep.com,ish2fuBe
Lisa,Reese,Begadd,LisaHReese@armyspy.com,Aining4xah
Elizabeth,Pritchard,Coultan,ElizabethJPritchard@superrito.com,phah8Dooroo
Jeffrey,Milbrandt,Happone,JeffreyAMilbrandt@armyspy.com,Aehaiph5hee
Philip,Jones,Fusly1978,PhilipRJones@superrito.com,Ahfae3oid
Brandon,Hampton,Whearclas,BrandonAHampton@teleworm.us,aiV9eeJeix
Megan,Murphy,Cind1964,MeganBMurphy@cuvox.de,oiRaik8u
Esther,Avalos,Adardly,EstherJAvalos@gustr.com,cae7Cheiph
Sandra,Eckart,Yourejough1960,SandraEEckart@dayrep.com,eiPh5cahP
Linda,Kern,Tindiand,LindaJKern@dayrep.com,Jephaec2ai
Chris,Smith,Foreply,ChrisBSmith@cuvox.de,aizueS5xoh
Roseanne,Wright,Vaide1994,RoseanneDWright@armyspy.com,Okah0thao
Richard,Guzman,Witiz1984,RichardSGuzman@jourrapide.com,zophey0ooH5
Gary,Smith,Insty1943,GaryHSmith@teleworm.us,Rahthe0roh
Richard,Guzman,Morove,RichardLGuzman@einrot.com,ciiB8aht
Gary,Stallings,Bles1930,GaryMStallings@teleworm.us,euniFae3ieSh
Barbara,Metcalf,Begglig1935,BarbaraRMetcalf@rhyta.com,AY2chah8Kah
Crystal,Ryan,Fultisher41,CrystalERyan@superrito.com,Kiehohai5
Patricia,Velasquez,Whany1960,PatriciaCVelasquez@cuvox.de,Uda1gahj
Autumn,Miller,Promese,AutumnEMiller@superrito.com,oX1eenooK
Yolanda,Graham,Thisectoulto,YolandaWGraham@armyspy.com,aiYe9EeFof
Emma,Lowry,Sholebabluch,EmmaRLowry@armyspy.com,ohY8shean4
Richard,Silva,Begre1945,RichardCSilva@dayrep.com,Eiquee0eig
Ashley,Cain,Whishe,AshleyMCain@superrito.com,pheeSee5cah
Dan,Gannon,Poette,DanMGannon@einrot.com,oK7Ia5Raiph
Alfred,Bidwell,Beirst,AlfredABidwell@jourrapide.com,eaThia0laer
Helen,Coleman,Fairie,HelenMColeman@teleworm.us,cu8Iech9
Christine,Gill,Aculd1994,ChristineRGill@gustr.com,paKe0tho8Ai
Donald,Savage,Neverly91,DonaldDSavage@armyspy.com,Aen9Zonei
Dorothy,Ely,Staend1971,DorothyLEly@cuvox.de,Rai4ra6Pahg
Elizabeth,Ruiz,Doese1963,ElizabethSRuiz@einrot.com,theiCh0W
John,Muniz,Gother,JohnJMuniz@gustr.com,aiShoh3ohj
Andrea,Elder,Hiceene,AndreaOElder@jourrapide.com,Aengi3Sh
Gail,Rosen,Slove1963,GailMRosen@jourrapide.com,aezao2aeXish
Maria,Young,Smand1992,MariaJYoung@einrot.com,ezoh2Rae
Bobbi,Gilbertson,Weentim77,BobbiXGilbertson@teleworm.us,Ieleash4ei
Gloria,Mach,Dinto1930,GloriaWMach@dayrep.com,cethuXovie6
Ruby,Trinidad,Hatchat,RubyWTrinidad@gustr.com,eiJooshai5
Dale,Clark,Bectuld,DaleJClark@jourrapide.com,Yaingoo9
Cody,Gould,Theness,CodyLGould@dayrep.com,Oonohzae4
Betty,Sims,Sucarty55,BettyJSims@jourrapide.com,ieg1Quaipu
John,Coulombe,Runt1935,JohnKCoulombe@rhyta.com,tae8XaeM
Delbert,Splawn,Digum1938,DelbertLSplawn@teleworm.us,ob7Ievoo
Lynette,Trevino,Satifterseck1972,LynetteFTrevino@teleworm.us,eigh5wouV
Christopher,Rippeon,Hicens,ChristopherKRippeon@cuvox.de,Fu7Oeb7soo
Tonya,Gibson,Suff1934,TonyaPGibson@dayrep.com,Fo3Kohr0
Katrina,Bublitz,Mustante,KatrinaEBublitz@dayrep.com,Eishohch7
Jeremy,Barr,Anclund,JeremySBarr@dayrep.com,paPh5ual9
Garrett,Rhodes,Alessee,GarrettRRhodes@gustr.com,DooG6Iechae
Vincent,Nelson,Liviss,VincentANelson@einrot.com,Vo6ohj3ei
Arnita,Johnson,Hicary80,ArnitaMJohnson@dayrep.com,Ieziegaey7u
Jodi,Dellinger,Ourthe1990,JodiRDellinger@cuvox.de,iu7Eawah4a
Ronald,Smith,Pluence,RonaldGSmith@rhyta.com,Fahjua3EiSh
Jimmy,Shields,Eave1963,JimmyPShields@teleworm.us,Piesheeghiz3
Teresa,Clower,Beacquaid,TeresaJClower@cuvox.de,Az9quoshie
Linda,Molina,Haventers,LindaDMolina@jourrapide.com,gah5Euh4Eo
Eddie,Knight,Torgartor1938,EddieHKnight@gustr.com,oaphuey8aeS
Robert,Cook,Rince1948,RobertMCook@jourrapide.com,eiwaiJoofei5
Tammy,Simpson,Lotermity,TammyMSimpson@superrito.com,waim9KohXoo
Richard,Carroll,Forripsy,RichardJCarroll@dayrep.com,Ahmoh2akah
Nancy,Hill,Usad1987,NancyJHill@einrot.com,Oi7zeebie
Herman,Armstrong,Evervall,HermanMArmstrong@einrot.com,ooTaike2
Kathy,McAllister,Sorpathey,KathyDMcAllister@dayrep.com,rii8Ju4ee
William,Jackson,Anzy1952,WilliamPJackson@cuvox.de,Ve7ehaequ9
Lillian,Haight,Whicee,LillianLHaight@jourrapide.com,eighoaz5OoCh
Terry,Jones,Faciabove,TerryNJones@armyspy.com,ahwa9ahGah
George,Miller,Tratimely,GeorgeIMiller@jourrapide.com,ahk1aej2AiR
Thomas,Bacon,Anst1931,ThomasCBacon@cuvox.de,ieQu9goz8aa
Marion,Weddle,Sessly29,MarionDWeddle@rhyta.com,uBahsi1ph
Owen,Gay,Saked1937,OwenAGay@einrot.com,dahthe6Ae
Karin,Dugas,Nalis1929,KarinCDugas@cuvox.de,Ga9oonie9F
Kelsey,Witherspoon,Yourte,KelseyKWitherspoon@superrito.com,Aik4ij1woo
Wilma,Watson,Dems1947,WilmaJWatson@jourrapide.com,eishoo1iS8
Jo,Parker,Buffying1974,JoWParker@armyspy.com,eF5cein3h
Michelle,Cagle,Linnot,MichelleJCagle@teleworm.us,reesieW5m
Vera,Lucero,Whailee,VeraPLucero@teleworm.us,Saeh0EaLie2
Jessica,Cosenza,Morstraut,JessicaJCosenza@armyspy.com,Ekee7vah
Lula,Langley,Shicke,LulaLLangley@gustr.com,Eeshuez0
Kim,Wright,Afteneirs,KimDWright@jourrapide.com,eethohd7Ee
Mary,Zuehlke,Youthe,MaryAZuehlke@einrot.com,oopaeJoo9
Terry,McRee,Forsoust,TerryBMcRee@cuvox.de,duaph3taeR
Michael,Keeble,Proner,MichaelLKeeble@gustr.com,al3aeLeiboh
Micaela,Hamilton,Tained,MicaelaWHamilton@jourrapide.com,aimah1Ah
Dorothy,Whitlow,Arler1959,DorothyKWhitlow@jourrapide.com,Ief1au1eng
Carl,Jefferson,Camill,CarlJJefferson@rhyta.com,thai0meQu
Murray,Murch,Leent1956,MurrayDMurch@cuvox.de,Di3ohy3zei
Marlene,Crenshaw,Spicionly,MarleneSCrenshaw@teleworm.us,Xai9eik7
Judith,Sanchez,Jought1945,JudithHSanchez@teleworm.us,ieyae7Oh6iush
Grace,Watson,Afterice,GraceJWatson@jourrapide.com,iek3ongoNgoo
Timothy,Oliver,Durry1980,TimothyCOliver@cuvox.de,ni6ohH7CaoB
Bret,Franks,Thymart67,BretLFranks@dayrep.com,ariib9Mach7
Gary,Yu,Biterthus1941,GaryJYu@cuvox.de,ie7aiLoog7d
David,Cox,Bethom1965,DavidJCox@einrot.com,ooj2ieRe
Roberta,Dickson,Seesculde,RobertaMDickson@armyspy.com,ti2theiGhee
Will,Hall,Hapargo1958,WillYHall@rhyta.com,eikoh6Ofah
Phillip,White,Froach,PhillipVWhite@teleworm.us,Ao5photo3
Maria,Williams,Pinhould51,MariaMWilliams@rhyta.com,dang6Zo4ul
Katie,Mooney,Thatimbers,KatieRMooney@dayrep.com,Eedaer9tae
Lucille,Silber,Willeggess,LucilleJSilber@dayrep.com,thai6Chuu9u
Horacio,Beckwith,Spon1936,HoracioCBeckwith@dayrep.com,Eedeap2woi
Marion,Delano,Denteoffores,MarionCDelano@superrito.com,Ikooyu6ke9a
Myrna,James,Feadis80,MyrnaGJames@cuvox.de,Ko4AhCiej
Esther,Strauser,Twoulair1929,EstherTStrauser@einrot.com,Fo6caeyooqu
Kathy,Graham,Reepris,KathyJGraham@superrito.com,hie2uPhu
Sharon,Dunlap,Awellet,SharonDDunlap@armyspy.com,Eesah9Ahsh
David,Gonzales,Grem1933,DavidMGonzales@jourrapide.com,Le9eipoox3th
Wayne,Tait,Caurn1989,WayneCTait@jourrapide.com,aichie8aaRie
Salvador,Hesse,Duad1983,SalvadorJHesse@rhyta.com,roo5deeC
Elena,Spooner,Begine1964,ElenaLSpooner@cuvox.de,eiG7yei2qu
Tina,Hester,Feremabight,TinaCHester@armyspy.com,paiph3Ahth9
Thomas,Bullock,Shosine,ThomasJBullock@cuvox.de,ko7Isi4ahroh
William,Clough,Surries1939,WilliamJClough@jourrapide.com,Fuuv6shu9
Crystal,McCall,Wayin1958,CrystalRMcCall@dayrep.com,Yah8shahr
Steven,Lapp,Equat1979,StevenMLapp@cuvox.de,Yoh7oebaixie
Troy,Morales,Unflithen,TroyBMorales@cuvox.de,aeDee4Ah
Raymond,Slaughter,Tattled,RaymondJSlaughter@rhyta.com,Guaca1aidi
Tameka,Clarke,Allichere,TamekaRClarke@rhyta.com,Phoyee6Ae
Veronica,Welch,Prothervents,VeronicaJWelch@superrito.com,aighei1Wae
Joseph,Sam,Wastexed,JosephGSam@cuvox.de,chieD0yie
David,Brandt,Insconothe,DavidRBrandt@gustr.com,faequ9Fohgae
Paul,Turner,Capassicer,PaulITurner@teleworm.us,eicoo0Ei
Andre,Castle,Youndither,AndreSCastle@armyspy.com,aFee8fo2
Sarah,Hicks,Eacheremeant37,SarahAHicks@cuvox.de,Aet5chaophei
Jacob,McFadden,Baccustelic35,JacobAMcFadden@einrot.com,dei7Faciyoo
Mary,McFaddin,Sureativen87,MaryJMcFaddin@dayrep.com,Ahch4loh
Kenneth,Gagnon,Daughthe,KennethMGagnon@cuvox.de,ieWuug2qu
Boyd,Godoy,Rommout,BoydDGodoy@jourrapide.com,AiMeth6ohr
Corrie,McManus,Imselity1928,CorrieKMcManus@einrot.com,OhquaeSh0ai
Cletus,Waite,Sked1953,CletusDWaite@cuvox.de,Kahng8hei
Gary,Hadley,Thavitage,GaryRHadley@cuvox.de,uuph0Teehei
Jose,Ball,Tinstrally,JoseJBall@gustr.com,AiPhienoh7
John,Griner,Teare1971,JohnMGriner@cuvox.de,Aegie7ch
Samuel,Lovell,Denjudd,SamuelTLovell@rhyta.com,Co9ohsoh4ei
Florence,Miller,Joyinewerhat,FlorenceJMiller@jourrapide.com,yagieBu8tee
Sheldon,Mendez,Wouringed,SheldonKMendez@rhyta.com,nohN6Ohsh
Louis,Miller,Mantockity,LouisJMiller@superrito.com,ahCae1ae
Emilio,He,Hilows,EmilioVHe@superrito.com,xa0sagh6Shei
Rebecca,Galvin,Keing1934,RebeccaJGalvin@jourrapide.com,ma8Sheroo
Steve,Jackson,Coond1992,SteveRJackson@einrot.com,Oeph4wohmee
Ryan,Bounds,Scrithe,RyanLBounds@armyspy.com,Feezu8ane
Jack,Breault,Facepow,JackMBreault@armyspy.com,Uok5Maich
Carlos,Tomlinson,Shmisting,CarlosMTomlinson@armyspy.com,jiege3Ko
Evelyn,Murray,Feadis,EvelynDMurray@teleworm.us,eidoFaiy0
Kelly,Borden,Martand,KellyDBorden@jourrapide.com,aes3EY9uDoh
John,Kalb,Chied1952,JohnDKalb@einrot.com,Wie9ooQu
Valerie,Matthews,Dockontich1979,ValerieGMatthews@einrot.com,Cio6ooNook6
Arcelia,McDade,Sencte,ArceliaDMcDade@gustr.com,ocahhooK7ee
Deborah,Morris,Cumfornot1982,DeborahKMorris@gustr.com,ohm9bai7uC
Todd,Tidwell,Herthew,ToddRTidwell@dayrep.com,AhWe4os3
Margie,Thompson,Thomed,MargieEThompson@superrito.com,Eyeo0osho
Jennifer,Lewis,Losonfere,JenniferSLewis@einrot.com,thaen8Uiti0
Anthony,Stephens,Herson,AnthonyEStephens@jourrapide.com,baTaew9ua
Cornelia,Krauss,Wasely1952,CorneliaMKrauss@gustr.com,beiPh4meeph
Lisa,Pigott,Efuldrew,LisaDPigott@cuvox.de,gohngowaiN4
Napoleon,Sandoval,Whok1955,NapoleonASandoval@armyspy.com,Rai3kaiyoo
Virgilio,Larson,Anfood,VirgilioSLarson@einrot.com,aipipie6eiL
Olga,Washington,Boused,OlgaSWashington@superrito.com,Re9ohJae3sh
Andrea,Dix,Undiers,AndreaJDix@armyspy.com,wew8ooZeb
Ericka,Baylor,Lifisselibee1948,ErickaCBaylor@superrito.com,eeZuSh0aiCh
Craig,Martin,Petly1978,CraigKMartin@einrot.com,eeh8pheiK
Gordon,McLean,Brinelition,GordonKMcLean@jourrapide.com,quawe6Gux0sh
Manuel,Phillips,Mrseach61,ManuelNPhillips@dayrep.com,Pei0Pee5ub
Philip,Puig,Boxylost,PhilipDPuig@rhyta.com,Fo6Meequah
Jasmin,Massey,Entwere,JasminKMassey@cuvox.de,sef3cee9Choo
Alexander,Diaz,Beravi81,AlexanderPDiaz@gustr.com,tho6Vaeti
Chad,Forst,Busert,ChadBForst@teleworm.us,pa6quoChu
Jane,Schaeffer,Cauther,JaneRSchaeffer@dayrep.com,saishieTh3e
Franklin,Harris,Therneavin,FranklinDHarris@dayrep.com,ohpae0ied7Vai
Christian,Moore,Broffely,ChristianJMoore@superrito.com,eiBoow8ahph
Herbert,Burleson,Nowasivem,HerbertDBurleson@dayrep.com,to9Kaiw1ee
Virginia,Deville,Dreaseenown,VirginiaBDeville@einrot.com,al3ya1Mao
Elaine,Carlson,Nowing,ElaineJCarlson@gustr.com,thoomoW5ooQu
Sheree,Weise,Hancy1937,ShereeDWeise@jourrapide.com,uoP8zetiu
Lawrence,Beatty,Sublegand,LawrencePBeatty@teleworm.us,Oogeesah8aip
Mayra,Greene,Anet1963,MayraWGreene@cuvox.de,queM9xah
Gabriela,Wilson,Plairt,GabrielaWWilson@rhyta.com,ahshah6Ah
Alton,Hughes,Turst1979,AltonJHughes@rhyta.com,dohh5Iquie
Kara,Alejandro,Craireir,KaraJAlejandro@armyspy.com,IR1uWoor4
Thomas,Torres,Mairaguent,ThomasLTorres@jourrapide.com,qua1QuahNei1
Martin,Moss,Carray,MartinJMoss@teleworm.us,Maiquo3e
Scott,Montalvo,Tradjecide,ScottLMontalvo@armyspy.com,Ohxae5Ooqu
Gail,Woodward,Carsed1934,GailEWoodward@rhyta.com,Ahng9Xujae
Jennifer,Markland,Shavithe,JenniferLMarkland@gustr.com,ewiBo4aey
Jonathan,Stanford,Coon1988,JonathanBStanford@cuvox.de,ohBaith7aen
Jo,Almanza,Thastenthe,JoJAlmanza@superrito.com,doof8Ong
Mirtha,Weaver,Daugh1947,MirthaJWeaver@einrot.com,Faethohn1r
Casey,Hammond,Abbeakeek,CaseyWHammond@jourrapide.com,Kie4bee5ei
Corrin,Brooks,Apture1973,CorrinDBrooks@cuvox.de,ohZ3jahneel5
Kevin,McClinton,Gicts1989,KevinVMcClinton@armyspy.com,zohya1Eu
William,Horwitz,Withation,WilliamKHorwitz@einrot.com,udoo2sheS
Roland,Patel,Himanxim,RolandAPatel@einrot.com,Au5yifoh
Kristina,Gunter,Agiation,KristinaCGunter@superrito.com,Aif0Ya2ei
Linda,Tuttle,Eatied1994,LindaGTuttle@armyspy.com,Ahth2EiNo
Joel,Braun,Derne1978,JoelPBraun@armyspy.com,iepaDaR0kiPh
Greg,McHenry,Causighim,GregTMcHenry@rhyta.com,ku5Eeyahlei
Antonio,Heath,Haters,AntonioSHeath@cuvox.de,aiph7inohNg
Heather,Farmer,Senessobling38,HeatherAFarmer@teleworm.us,BaiGh4ooc
Sandy,Bennett,Itere1929,SandyJBennett@cuvox.de,oop3Ieri
Ila,Murray,Foreasked,IlaLMurray@teleworm.us,An3xietoh
Martha,Crowe,Hatc1978,MarthaTCrowe@cuvox.de,chu6Cha9thi
Luke,Guarino,Thippers,LukeMGuarino@armyspy.com,Ceebaed5i
Victor,Huot,Wevoing,VictorJHuot@armyspy.com,Mahng7ne3h
Amanda,Gray,Sionceend,AmandaBGray@armyspy.com,iehaew2Eeb6
John,Moorehead,Satch1931,JohnKMoorehead@dayrep.com,aKee0wie
